[
  {
    "id": "hyundai-tucson",
    "name": "Hyundai Tucson",
    "year": "2024",
    "category": "suv",
    "transmission": "Automatic",
    "engine": "Diesel",
    "price": 500,
    "deposit": 10000,
    "seats": 5,
    "bags": 4,
    "image": "https://images.unsplash.com/photo-1519641471654-76ce0107ad1b?w=800&q=80",
    "badge": "Popular"
  },
  {
    "id": "dacia-logan",
    "name": "Dacia Logan",
    "year": "2024",
    "category": "economy",
    "transmission": "Manual",
    "engine": "Diesel",
    "price": 270,
    "deposit": 5000,
    "seats": 5,
    "bags": 3,
    "image": "https://images.unsplash.com/photo-1549317661-bd32c8ce0db2?w=800&q=80",
    "badge": "Budget"
  },
  {
    "id": "peugeot-208",
    "name": "Peugeot 208",
    "year": "2024",
    "category": "economy",
    "transmission": "Automatic / Manual",
    "engine": "Diesel / Hybrid",
    "price": 300,
    "deposit": 5000,
    "seats": 5,
    "bags": 2,
    "image": "https://images.unsplash.com/photo-1583121274602-3e2820c69888?w=800&q=80",
    "badge": "Budget"
  },
  {
    "id": "opel-corsa",
    "name": "Opel Corsa",
    "year": "2024",
    "category": "economy",
    "transmission": "Manual",
    "engine": "Diesel",
    "price": 300,
    "deposit": 5000,
    "seats": 5,
    "bags": 2,
    "image": "https://images.unsplash.com/photo-1552519507-da3b142c6e3d?w=800&q=80",
    "badge": "Budget"
  },
  {
    "id": "renault-express",
    "name": "Renault Express",
    "year": "2024",
    "category": "van",
    "transmission": "Manual",
    "engine": "Diesel",
    "price": 340,
    "deposit": 5000,
    "seats": 2,
    "bags": 5,
    "image": "https://images.unsplash.com/photo-1527786356703-4b100091cd2c?w=800&q=80",
    "badge": ""
  },
  {
    "id": "skoda-karoq",
    "name": "Skoda Karoq",
    "year": "2024",
    "category": "suv",
    "transmission": "Automatic",
    "engine": "Diesel",
    "price": 500,
    "deposit": 5000,
    "seats": 5,
    "bags": 4,
    "image": "https://images.unsplash.com/photo-1606664515524-ed2f786a0bd6?w=800&q=80",
    "badge": "Popular"
  },
  {
    "id": "volkswagen-touareg",
    "name": "Volkswagen Touareg",
    "year": "2024",
    "category": "luxury",
    "transmission": "Automatic",
    "engine": "Diesel",
    "price": 900,
    "deposit": 5000,
    "seats": 5,
    "bags": 5,
    "image": "https://images.unsplash.com/photo-1606220588913-b3aacb4d2f46?w=800&q=80",
    "badge": "Luxury"
  },
  {
    "id": "cupra-formentor",
    "name": "Cupra Formentor",
    "year": "2024",
    "category": "suv",
    "transmission": "Automatic",
    "engine": "Diesel",
    "price": 500,
    "deposit": 5000,
    "seats": 5,
    "bags": 4,
    "image": "https://images.unsplash.com/photo-1617531653332-bd46c24f2068?w=800&q=80",
    "badge": ""
  },
  {
    "id": "renault-clio",
    "name": "Renault Clio 5",
    "year": "2024",
    "category": "economy",
    "transmission": "Manual",
    "engine": "Diesel",
    "price": 300,
    "deposit": 5000,
    "seats": 5,
    "bags": 3,
    "image": "https://images.unsplash.com/photo-1583121274602-3e2820c69888?w=800&q=80",
    "badge": "Budget"
  },
  {
    "id": "hyundai-accent",
    "name": "Hyundai Accent",
    "year": "2024",
    "category": "economy",
    "transmission": "Automatic",
    "engine": "Diesel / Gasoline",
    "price": 300,
    "deposit": 5000,
    "seats": 5,
    "bags": 3,
    "image": "https://images.unsplash.com/photo-1549317661-bd32c8ce0db2?w=800&q=80",
    "badge": "Budget"
  },
  {
    "id": "mercedes-s-class",
    "name": "Mercedes S-Class",
    "year": "2024",
    "category": "luxury",
    "transmission": "Automatic",
    "engine": "Diesel",
    "price": 4000,
    "deposit": 20000,
    "seats": 5,
    "bags": 3,
    "image": "https://images.unsplash.com/photo-1617531653332-bd46c24f2068?w=800&q=80",
    "badge": "Luxury"
  },
  {
    "id": "mercedes-cla",
    "name": "Mercedes CLA",
    "year": "2024",
    "category": "luxury",
    "transmission": "Automatic",
    "engine": "Diesel",
    "price": 1400,
    "deposit": 20000,
    "seats": 5,
    "bags": 3,
    "image": "https://images.unsplash.com/photo-1618843479313-40f8afb4b4d8?w=800&q=80",
    "badge": "Luxury"
  },
  {
    "id": "mercedes-c-class",
    "name": "Mercedes C-Class",
    "year": "2024",
    "category": "luxury",
    "transmission": "Automatic",
    "engine": "Diesel",
    "price": 1500,
    "deposit": 20000,
    "seats": 5,
    "bags": 3,
    "image": "https://images.unsplash.com/photo-1617531653332-bd46c24f2068?w=800&q=80",
    "badge": "Luxury"
  },
  {
    "id": "range-rover-sport",
    "name": "Range Rover Sport",
    "year": "2024",
    "category": "luxury",
    "transmission": "Automatic",
    "engine": "Diesel",
    "price": 3500,
    "deposit": 20000,
    "seats": 5,
    "bags": 5,
    "image": "https://images.unsplash.com/photo-1606220588913-b3aacb4d2f46?w=800&q=80",
    "badge": "Luxury"
  },
  {
    "id": "range-rover-velar",
    "name": "Range Rover Velar",
    "year": "2024",
    "category": "luxury",
    "transmission": "Automatic",
    "engine": "Diesel",
    "price": 1500,
    "deposit": 20000,
    "seats": 5,
    "bags": 4,
    "image": "https://images.unsplash.com/photo-1606220588913-b3aacb4d2f46?w=800&q=80",
    "badge": "Luxury"
  },
  {
    "id": "range-rover-evoque",
    "name": "Range Rover Evoque",
    "year": "2024",
    "category": "luxury",
    "transmission": "Automatic",
    "engine": "Diesel",
    "price": 1200,
    "deposit": 20000,
    "seats": 5,
    "bags": 4,
    "image": "https://images.unsplash.com/photo-1606220588913-b3aacb4d2f46?w=800&q=80",
    "badge": "Luxury"
  }
]